{
  "sigma_pos": 1500,
  "q_scale": 0.05,
  "window": 9,
  "alpha": 0.95,
  "w_obs": 0.7,
  "mae_15": 5.837275498123641,
  "score": 7.902292157831878
}