{
  "sigma_pos": 1800,
  "q_scale": 0.03,
  "window": 10,
  "alpha": 0.97,
  "w_obs": 0.6,
  "mae_15": 6.161789385651545,
  "score": 7.720478071670794
}