{
  "sigma_pos": 1000,
  "q_scale": 0.05,
  "window": 7,
  "alpha": 0.9,
  "mae_15": 7.226661184603927,
  "mae_30": 13.026389388826717,
  "score": 9.546552466293043
}